Last Name,First Name,Club
Antuzzi,Dave,Beasts of the Bay
Ballard,Tim,Beasts of the Bay
Barth,Adam,Beasts of the Bay
Bialkin,Robert,Beasts of the Bay
Chien,Jeremy,Beasts of the Bay
Davidoff,Eliot,Beasts of the Bay
Demir,Joel,Beasts of the Bay
Elliott,Kevin,Beasts of the Bay
Espil,Flint,Beasts of the Bay
Hanlon,Brian,Beasts of the Bay
Hays,Kent,Beasts of the Bay
Hines,Stephen,Beasts of the Bay
Liu,Jeff,Beasts of the Bay
Lockwood,Tapan,Beasts of the Bay
Milani,Navid,Beasts of the Bay
Miller,Nate,Beasts of the Bay
Nash,Joe,Beasts of the Bay
North,Dan,Beasts of the Bay
Peterson,Charlie,Beasts of the Bay
Rao,Mith,Beasts of the Bay
Sanglard,Fabien,Beasts of the Bay
Tadena,Jomar,Beasts of the Bay
Troy,Neil,Beasts of the Bay
VanDyke,Mike,Beasts of the Bay
Wedding,Reid,Beasts of the Bay
Willard,Geoff,Beasts of the Bay
Yang,Tony,Beasts of the Bay
